HKM,Дождевые попоны,https://hkmsport.de/pferd/pferdedecken.html?cat=1258
HKM,Денниковые попоны,https://hkmsport.de/pferd/pferdedecken.html?cat=1270
HKM,Рабочие попоны,https://hkmsport.de/pferd/pferdedecken.html?cat=3413
HKM,Рабочие попоны,https://hkmsport.de/pferd/pferdedecken.html?cat=1454
HKM,Сушильные попоны,https://hkmsport.de/pferd/pferdedecken.html?cat=1259
HKM,Антимоскитные попоны,https://hkmsport.de/pferd/pferdedecken.html?cat=1612
HKM,Антимоскитные попоны,https://hkmsport.de/pferd/pferdedecken.html?cat=1518
HKM,Антимоскитные попоны,https://hkmsport.de/pferd/pferdedecken.html?cat=1415
HKM,Антимоскитные маски,https://hkmsport.de/pferd/fliegenschutz.html?cat=1407
HKM,Антимоскитные маски,https://hkmsport.de/pferd/fliegenschutz.html?cat=1421
HKM,Антимоскитные маски,https://hkmsport.de/pferd/fliegenschutz.html?cat=3436
HKM,Ушки,https://hkmsport.de/pferd/fliegenschutz.html?cat=1295
HKM,Недоуздки,https://hkmsport.de/pferd/halfter-und-stricke.html?cat=1289
HKM,Недоуздки,https://hkmsport.de/pferd/halfter-und-stricke.html?cat=1290
HKM,Недоуздки,https://hkmsport.de/pferd/halfter-und-stricke.html?cat=3427
HKM,Чумбура,https://hkmsport.de/pferd/halfter-und-stricke.html?cat=1320
HKM,Рабочие ногавки,https://hkmsport.de/pferd/gamaschen-hufglocken.html?cat=1296
HKM,Транспортировочные ногавки,https://hkmsport.de/pferd/gamaschen-hufglocken.html?cat=1457
HKM,Транспортировочные ногавки,https://hkmsport.de/pferd/turnierbedarf.html
HKM,Кабуры и ботинки,https://hkmsport.de/pferd/gamaschen-hufglocken.html?cat=1292
HKM,Бинты,https://hkmsport.de/pferd/bandagen-bandagierunterlagen.html?cat=1745
HKM,Ватники,https://hkmsport.de/pferd/bandagen-bandagierunterlagen.html?cat=1746
HKM,Конкурные седла,https://hkmsport.de/pferd/sattel.html?cat=3960
HKM,Универсальные седла,https://hkmsport.de/pferd/sattel.html?cat=3956
HKM,Универсальные седла,https://hkmsport.de/pferd/sattel.html?cat=3957
HKM,Выездковые седла,https://hkmsport.de/pferd/sattel.html?cat=3961
HKM,Прогулочные седла,https://hkmsport.de/pferd/sattel.html?cat=3962
HKM,Подпруги,https://hkmsport.de/pferd/sattelgurte.html
HKM,Путлища,https://hkmsport.de/pferd/steigbugelriemen.html
HKM,Стремена,https://hkmsport.de/pferd/steigbugel.html
HKM,Разное для седел,https://hkmsport.de/pferd/sattel.html?cat=3437
HKM,Товары из меха,https://hkmsport.de/pferd/lammfellprodukte.html
HKM,Амортизаторы,https://hkmsport.de/pferd/sattelunterlagen.html?cat=1284
HKM,Вальтрапы,https://hkmsport.de/pferd/sattelunterlagen.html?cat=1364
HKM,Трензельные оголовья,https://hkmsport.de/pferd/trensen.html?cat=3444
HKM,Трензельные оголовья,https://hkmsport.de/pferd/trensen.html?cat=3445
HKM,Мундштучные оголовья,https://hkmsport.de/pferd/trensen.html?cat=3464
HKM,Ганноверские и мексиканские оголовья,https://hkmsport.de/pferd/trensen.html?cat=3454
HKM,Ганноверские и мексиканские оголовья,https://hkmsport.de/pferd/trensen.html?cat=3453
HKM,Налобные ремни,https://hkmsport.de/pferd/trensen.html?cat=1443
HKM,Разное для уздечек,https://hkmsport.de/pferd/gebisse.html?cat=3522
HKM,Разное для уздечек,https://hkmsport.de/pferd/islandpferde-zubehor.html
HKM,Разное для уздечек,https://hkmsport.de/pferd/trensen.html?cat=3431
HKM,Мартингалы и подпресья,https://hkmsport.de/pferd/hilfszugel-vorderzeug.html?cat=3483
HKM,Мартингалы и подпресья,https://hkmsport.de/pferd/hilfszugel-vorderzeug.html?cat=3482
HKM,Поводья,https://hkmsport.de/pferd/trensen.html?cat=3457
HKM,Тренинг,https://hkmsport.de/pferd/hilfszugel-vorderzeug.html?cat=3536
HKM,Тренинг,https://hkmsport.de/pferd/hilfszugel-vorderzeug.html?cat=3486
HKM,Тренинг,https://hkmsport.de/pferd/hilfszugel-vorderzeug.html?cat=3484
HKM,Тренинг,https://hkmsport.de/pferd/longierbedarf.html
HKM,Тренинг,https://hkmsport.de/pferd/sattelunterlagen.html?cat=3807
HKM,Трензеля,https://hkmsport.de/pferd/gebisse.html?cat=3520
HKM,Трензеля,https://hkmsport.de/pferd/gebisse.html?cat=3521
HKM,Трензеля,https://hkmsport.de/pferd/gebisse.html?cat=3527
HKM,Мундштуки и пелямы,https://hkmsport.de/pferd/gebisse.html?cat=3526
HKM,Мундштуки и пелямы,https://hkmsport.de/pferd/gebisse.html?cat=3529
HKM,Мундштуки и пелямы,https://hkmsport.de/pferd/gebisse.html?cat=3528
HKM,Машинки для стрижки,https://hkmsport.de/pferd/schermaschinen-fur-pferde.html
HKM,Женские зимние бриджи,https://hkmsport.de/reiter/reithosen-damen-kinder.html?cat=1732
HKM,Женские бриджи с коленной леей,https://hkmsport.de/reiter/reithosen-damen-kinder.html?cat=1709
HKM,Женские бриджи с коленной леей,https://hkmsport.de/reiter/reithosen-damen-kinder.html?cat=1697
HKM,Женские бриджи с коленной леей,https://hkmsport.de/reiter/reithosen-damen-kinder.html?cat=1718
HKM,Женские бриджи с полной леей,https://hkmsport.de/reiter/reithosen-damen-kinder.html?cat=1698
HKM,Женские бриджи с полной леей,https://hkmsport.de/reiter/reithosen-damen-kinder.html?cat=1695
HKM,Женские бриджи с полной леей,https://hkmsport.de/reiter/reithosen-damen-kinder.html?cat=1719
HKM,Женские жилетки,https://hkmsport.de/reiter/reitwesten.html
HKM,Женские кофты,https://hkmsport.de/reiter/pullover-sweatshirts.html
HKM,Женские кофты,https://hkmsport.de/reiter/reitjacken.html?cat=3706
HKM,Женские кофты,https://hkmsport.de/reiter/westernreiter.html?cat=3644
HKM,Женские майки и поло,https://hkmsport.de/reiter/poloshirts-u-t-shirts.html
HKM,Женские майки и поло,https://hkmsport.de/reiter/blusen-hemden.html
HKM,Женские майки и поло,https://hkmsport.de/reiter/westernreiter.html?cat=3649
HKM,Женская турнирная одежда,https://hkmsport.de/reiter/turnierbedarf.html
HKM,Женская турнирная одежда,https://hkmsport.de/reiter/tunierjackets-damen.html
HKM,Шапки и шарфы,https://hkmsport.de/reiter/mutzen-schals.html
HKM,Шапки и шарфы,https://hkmsport.de/reiter/schals-tucher.html
HKM,"Ремни, сумки и другое",https://hkmsport.de/reiter/gurtel.html
HKM,"Ремни, сумки и другое",https://hkmsport.de/reiter/taschen-geldborsen-gurtel.html
HKM,Мужские бриджи,https://hkmsport.de/reiter/reithosen-herren.html
HKM,Мужская одежда для соревнований,https://hkmsport.de/reiter/turniersakko.html
HKM,Зимние сапоги,https://hkmsport.de/reiter/reitstiefel-reitschuhe.html?cat=1973
HKM,Зимние сапоги,https://hkmsport.de/reiter/reitstiefel-reitschuhe.html?cat=1996
HKM,Ботинки для конюшни,https://hkmsport.de/reiter/reitstiefel-reitschuhe.html?cat=1748
HKM,Ботинки для езды,https://hkmsport.de/reiter/reitstiefel-reitschuhe.html?cat=1969
HKM,Краги,https://hkmsport.de/reiter/reitchaps-stiefelschafte.html
HKM,Кожаные сапоги,https://hkmsport.de/reiter/reitstiefel-reitschuhe.html?cat=1970
HKM,Кожаные сапоги,https://hkmsport.de/reiter/reitstiefel-reitschuhe.html?cat=1997
HKM,Кожаные сапоги,https://hkmsport.de/reiter/reitstiefel-reitschuhe.html?cat=3391
HKM,Резиновые сапоги,https://hkmsport.de/reiter/reitstiefel-reitschuhe.html?cat=1972
HKM,Шпоры и тренчики,https://hkmsport.de/reiter/sporen.html
HKM,Защитные жилеты,https://hkmsport.de/reiter/reithelme-u-sicherheitswesten.html?cat=3683
HKM,Защитные шлемы,https://hkmsport.de/reiter/reithelme-u-sicherheitswesten.html?cat=3681
HKM,Защитные шлемы,https://hkmsport.de/reiter/reithelme-u-sicherheitswesten.html?cat=3682
HKM,Перчатки,https://hkmsport.de/reiter/reithandschuhe.html
HKM,Упряжь,https://hkmsport.de/pferd/fahrsport.html
HKM,Гольфы,https://hkmsport.de/reiter/reitsocken.html
HKM,Вестерн седла и пады,https://hkmsport.de/pferd/westernpferde.html?cat=3624
HKM,Вестерн седла и пады,https://hkmsport.de/pferd/westernpferde.html?cat=3621
HKM,Вестерн седла и пады,https://hkmsport.de/pferd/westernpferde.html?cat=3625
HKM,Вестерн оголовья и недоуздки,https://hkmsport.de/pferd/westernpferde.html?cat=3626
HKM,Вестерн оголовья и недоуздки,https://hkmsport.de/pferd/westernpferde.html?cat=3628
HKM,Вестерн оголовья и недоуздки,https://hkmsport.de/pferd/westernpferde.html?cat=3620
HKM,Женская вестерн одежда,https://hkmsport.de/reiter/reithosen-damen-kinder.html?cat=1711
HKM,Женская вестерн одежда,https://hkmsport.de/reiter/western-hosen.html
HKM,Женская вестерн одежда,https://hkmsport.de/reiter/westernreiter.html?cat=3610
HKM,Женская вестерн одежда,https://hkmsport.de/reiter/westernreiter.html?cat=3617
HKM,Женская вестерн одежда,https://hkmsport.de/reiter/westernreiter.html?cat=3612
HKM,Вестерн аксессуары,https://hkmsport.de/reiter/westernreiter.html?cat=3616
HKM,Вестерн аксессуары,https://hkmsport.de/reiter/westernreiter.html?cat=3611
HKM,Вестерн обувь и шпоры,https://hkmsport.de/reiter/westernreiter.html?cat=3615
HKM,Вестерн обувь и шпоры,https://hkmsport.de/reiter/westernreiter.html?cat=3618
HKM,Женские куртки,https://hkmsport.de/reiter/reitjacken.html?cat=1317
HKM,Женские куртки,https://hkmsport.de/reiter/reitjacken.html?cat=1414
HKM,Женские куртки,https://hkmsport.de/reiter/reitjacken.html?cat=3710
HKM,Женские куртки,https://hkmsport.de/reiter/reitjacken.html?cat=3715
HKM,Женские куртки,https://hkmsport.de/reiter/reitjacken.html?cat=3688
HKM,Женские куртки,https://hkmsport.de/reiter/reitjacken.html?cat=1282
HKM,Все для пони,https://hkmsport.de/pferd/shetty-zubehor.html
