ЛОСДАУ,Дождевые попоны,https://www.loesdau.de/pferd/koerper/pferdedecken/regendecken-uebergangsdecken/
ЛОСДАУ,Зимние попоны,https://www.loesdau.de/pferd/koerper/pferdedecken/winterdecken/outdoordecken/
ЛОСДАУ,Денниковые попоны,https://www.loesdau.de/pferd/koerper/pferdedecken/winterdecken/stalldecken/
ЛОСДАУ,Рабочие попоны,https://www.loesdau.de/pferd/koerper/pferdedecken/ausreit-nierendecken/
ЛОСДАУ,Сушильные попоны,https://www.loesdau.de/pferd/koerper/pferdedecken/abschwitzdecken-transportdecken/
ЛОСДАУ,Антимоскитные попоны,https://www.loesdau.de/pferd/koerper/pferdedecken/fliegendecken/
ЛОСДАУ,Антимоскитные попоны,https://www.loesdau.de/pferd/koerper/pferdedecken/ekzemerdecken/
ЛОСДАУ,Антимоскитные маски,https://www.loesdau.de/pferd/kopf/fliegenkopfschutz/fliegenmasken/
ЛОСДАУ,Ушки,https://www.loesdau.de/pferd/kopf/fliegenkopfschutz/fliegenhauben/
ЛОСДАУ,Недоуздки,https://www.loesdau.de/pferd/kopf/halfter-stricke/halfter/
ЛОСДАУ,Недоуздки,https://www.loesdau.de/pferd/kopf/halfter-stricke/knotenhalfter/
ЛОСДАУ,Недоуздки,https://www.loesdau.de/pferd/kopf/halfter-stricke/lederhalfter/
ЛОСДАУ,Чумбура,https://www.loesdau.de/pferd/kopf/halfter-stricke/stricke/
ЛОСДАУ,Рабочие ногавки,https://www.loesdau.de/pferd/beine-huf/gamaschen/loeffelgamaschen/
ЛОСДАУ,Рабочие ногавки,https://www.loesdau.de/pferd/beine-huf/gamaschen/hartschalengamaschen/
ЛОСДАУ,Рабочие ногавки,https://www.loesdau.de/pferd/beine-huf/gamaschen/fesselkopfgamaschen/
ЛОСДАУ,Задние ногавки,https://www.loesdau.de/pferd/beine-huf/streichkappen/
ЛОСДАУ,Транспортировочные ногавки,https://www.loesdau.de/pferd/beine-huf/gamaschen/transportgamaschen/
ЛОСДАУ,Денниковые ногавки,https://www.loesdau.de/pferd/beine-huf/gamaschen/stallgamaschen/
ЛОСДАУ,Денниковые ногавки,https://www.loesdau.de/pferd/beine-huf/gamaschen/kuehlgamaschen-kuehlbandagen/
ЛОСДАУ,Кабуры и ботинки,https://www.loesdau.de/pferd/beine-huf/hufglocken/
ЛОСДАУ,Кабуры и ботинки,https://www.loesdau.de/pferd/beine-huf/hufschuhe/
ЛОСДАУ,Бинты,https://www.loesdau.de/pferd/beine-huf/bandagen/
ЛОСДАУ,Ватники,https://www.loesdau.de/pferd/beine-huf/bandagierunterlagen/
ЛОСДАУ,Конкурные седла,https://www.loesdau.de/pferd/koerper/saettel-sattel-sets/springsaettel/
ЛОСДАУ,Универсальные седла,https://www.loesdau.de/pferd/koerper/saettel-sattel-sets/vielseitigkeitssaettel/
ЛОСДАУ,Универсальные седла,https://www.loesdau.de/pferd/koerper/saettel-sattel-sets/sattelsets/
ЛОСДАУ,Выездковые седла,https://www.loesdau.de/pferd/koerper/saettel-sattel-sets/dressursaettel/
ЛОСДАУ,Прогулочные седла,https://www.loesdau.de/pferd/koerper/saettel-sattel-sets/reitkissen-baumlose-saettel/
ЛОСДАУ,Прогулочные седла,https://www.loesdau.de/pferd/koerper/saettel-sattel-sets/wanderreitsaettel/
ЛОСДАУ,Подпруги,https://www.loesdau.de/pferd/koerper/sattelzubehoer/sattelgurte/
ЛОСДАУ,Путлища,https://www.loesdau.de/pferd/koerper/sattelzubehoer/steigbuegel-riemen/steigbuegelriemen/
ЛОСДАУ,Стремена,https://www.loesdau.de/pferd/koerper/sattelzubehoer/steigbuegel-riemen/sicherheitssteigbuegel/
ЛОСДАУ,Стремена,https://www.loesdau.de/pferd/koerper/sattelzubehoer/steigbuegel-riemen/steigbuegel/
ЛОСДАУ,Разное для седел,https://www.loesdau.de/pferd/koerper/sattelzubehoer/sattelschoner-sitzbezuege/
ЛОСДАУ,Разное для седел,https://www.loesdau.de/pferd/koerper/sattelzubehoer/sattlerbedarf/
ЛОСДАУ,Товары из меха,https://www.loesdau.de/pferd/koerper/sattelunterlagen/sattelpads/lammfell-sattelpads/
ЛОСДАУ,Товары из меха,https://www.loesdau.de/pferd/lammfelle/halfter-polsterungen/
ЛОСДАУ,Амортизаторы,https://www.loesdau.de/pferd/koerper/sattelunterlagen/sattelpads/
ЛОСДАУ,Вальтрапы,https://www.loesdau.de/pferd/koerper/sattelunterlagen/schabracken/
ЛОСДАУ,Вальтрапы,https://www.loesdau.de/pferd/koerper/sattelunterlagen/satteldecken/
ЛОСДАУ,Трензельные оголовья,https://www.loesdau.de/pferd/kopf/zaumzeug/trensenzaeume/englisch-kombiniert/
ЛОСДАУ,Трензельные оголовья,https://www.loesdau.de/pferd/kopf/zaumzeug/trensenzaeume/schwedisch-kombiniert/
ЛОСДАУ,Трензельные оголовья,https://www.loesdau.de/pferd/kopf/zaumzeug/trensenzaeume/englisch/
ЛОСДАУ,Безтрензельные оголовья,https://www.loesdau.de/pferd/kopf/zaumzeug/trensenzaeume/wanderreithalfter/
ЛОСДАУ,Безтрензельные оголовья,https://www.loesdau.de/pferd/kopf/zaumzeug/gebisslose-zaeumungen/
ЛОСДАУ,Мундштучные оголовья,https://www.loesdau.de/pferd/kopf/zaumzeug/kandarenzaeume/
ЛОСДАУ,Ганноверские и мексиканские оголовья,https://www.loesdau.de/pferd/kopf/zaumzeug/trensenzaeume/hannoversch/
ЛОСДАУ,Ганноверские и мексиканские оголовья,https://www.loesdau.de/pferd/kopf/zaumzeug/trensenzaeume/mexikanisch/
ЛОСДАУ,Ганноверские и мексиканские оголовья,https://www.loesdau.de/pferd/kopf/zaumzeug/trensenzaeume/spanisch/
ЛОСДАУ,Налобные ремни,https://www.loesdau.de/pferd/kopf/zaumzeug/stirnriemen/
ЛОСДАУ,Разное для уздечек,https://www.loesdau.de/pferd/kopf/zaumzeug/trensenzubehoer/
ЛОСДАУ,Мартингалы и подпресья,https://www.loesdau.de/pferd/koerper/sattelzubehoer/vorderzeuge/
ЛОСДАУ,Мартингалы и подпресья,https://www.loesdau.de/pferd/kopf/zuegel-hilfszuegel/vorderzeuge/
ЛОСДАУ,Поводья,https://www.loesdau.de/pferd/kopf/zuegel-hilfszuegel/zuegel/
ЛОСДАУ,Тренинг,https://www.loesdau.de/pferd/kopf/zuegel-hilfszuegel/hilfszuegel-ausbinder/
ЛОСДАУ,Тренинг,https://www.loesdau.de/themenshop/vom-boden-aus/longierzubehoer/kappzaeume/
ЛОСДАУ,Тренинг,https://www.loesdau.de/themenshop/vom-boden-aus/longierzubehoer/longiersysteme-hilfszuegel/
ЛОСДАУ,Тренинг,https://www.loesdau.de/themenshop/vom-boden-aus/longierzubehoer/longiergurte/
ЛОСДАУ,Тренинг,https://www.loesdau.de/themenshop/vom-boden-aus/longierzubehoer/longen-doppellongen/
ЛОСДАУ,Тренинг,https://www.loesdau.de/themenshop/vom-boden-aus/longierzubehoer/longierunterlagen/
ЛОСДАУ,Трензеля,https://www.loesdau.de/pferd/kopf/gebisse/trensengebisse/
ЛОСДАУ,Мундштуки и пелямы,https://www.loesdau.de/pferd/kopf/gebisse/kandarengebisse-unterlegtrensen/
ЛОСДАУ,Щетки,https://www.loesdau.de/pferd/pferdepflege/putzzeug/buersten-kardaetschen/
ЛОСДАУ,Щетки,https://www.loesdau.de/pferd/pferdepflege/putzzeug/maehnenbuersten-kaemme/
ЛОСДАУ,Щетки,https://www.loesdau.de/pferd/pferdepflege/putzzeug/striegel/
ЛОСДАУ,Щетки,https://www.loesdau.de/pferd/pferdepflege/putzzeug/hufkratzer-hufpinsel/
ЛОСДАУ,Щетки,https://www.loesdau.de/pferd/pferdepflege/putzzeug/schwaemme-schweissmesser/
ЛОСДАУ,Щетки,https://www.loesdau.de/pferd/pferdepflege/putzzeug/putzhandschuhe/
ЛОСДАУ,Машинки для стрижки,https://www.loesdau.de/pferd/pferdepflege/schermaschinen-zubehoer/
ЛОСДАУ,Пылесосы,https://www.loesdau.de/pferd/pferdepflege/staubsauger/
ЛОСДАУ,Женские зимние бриджи,https://www.loesdau.de/reiter/damen/reithosen/thermoreithosen/
ЛОСДАУ,Женские бриджи с коленной леей,https://www.loesdau.de/reiter/damen/reithosen/klassische-reithosen/?attr%5Bbesatz%5D%5B%5D=Kniebesatz&bDisplayFilters=1
ЛОСДАУ,Женские бриджи с полной леей,https://www.loesdau.de/reiter/damen/reithosen/klassische-reithosen/?attr%5Bbesatz%5D%5B%5D=Vollbesatz
ЛОСДАУ,Женские жилетки,https://www.loesdau.de/reiter/damen/reitwesten/
ЛОСДАУ,Женские пуловера,https://www.loesdau.de/reiter/damen/pullover-sweater/
ЛОСДАУ,Женские майки и поло,https://www.loesdau.de/reiter/damen/polo-t-shirts/
ЛОСДАУ,Женская турнирная одежда,https://www.loesdau.de/reiter/damen/turnierblusen-turniershirts/
ЛОСДАУ,Шапки и шарфы,https://www.loesdau.de/reiter/reiterequipment/accessoires/schals-tuecher/
ЛОСДАУ,Шапки и шарфы,https://www.loesdau.de/reiter/reiterequipment/accessoires/kopfbedeckungen/
ЛОСДАУ,"Ремни, сумки и другое",https://www.loesdau.de/reiter/reiterequipment/accessoires/guertel/
ЛОСДАУ,Мужские бриджи,https://www.loesdau.de/reiter/herren/reithosen/
ЛОСДАУ,Мужские кофты,https://www.loesdau.de/reiter/herren/pullover-sweater/
ЛОСДАУ,Мужские куртки и жилетки,https://www.loesdau.de/reiter/herren/reitwesten/
ЛОСДАУ,Мужские куртки и жилетки,https://www.loesdau.de/reiter/herren/reitjacken/
ЛОСДАУ,Мужские майки и поло,https://www.loesdau.de/reiter/herren/polo-t-shirts/
ЛОСДАУ,Мужская одежда для соревнования,https://www.loesdau.de/reiter/herren/turnierhemden/
ЛОСДАУ,Детские бриджи,https://www.loesdau.de/reiter/kinder/reithosen/
ЛОСДАУ,Детские кофты,https://www.loesdau.de/reiter/kinder/pullover-sweater/
ЛОСДАУ,Детские куртки и жилетки,https://www.loesdau.de/reiter/kinder/reitjacken/
ЛОСДАУ,Детские куртки и жилетки,https://www.loesdau.de/reiter/kinder/reitwesten/
ЛОСДАУ,Детские майки и поло,https://www.loesdau.de/reiter/kinder/polo-t-shirts/
ЛОСДАУ,Детская одежда для соревнования,https://www.loesdau.de/reiter/kinder/turniershirts/
ЛОСДАУ,Зимние сапоги,https://www.loesdau.de/reiter/reiterequipment/reitstiefel-schuhe/winterreitstiefel/
ЛОСДАУ,Ботинки для конюшни,https://www.loesdau.de/reiter/reiterequipment/reitstiefel-schuhe/stallschuhe/
ЛОСДАУ,Ботинки для езды,https://www.loesdau.de/reiter/reiterequipment/reitstiefel-schuhe/reitstiefeletten/
ЛОСДАУ,Краги,https://www.loesdau.de/reiter/reiterequipment/stiefelschaefte-chaps/
ЛОСДАУ,Кожаные сапоги,https://www.loesdau.de/reiter/reiterequipment/reitstiefel-schuhe/lederreitstiefel/
ЛОСДАУ,Резиновые сапоги,https://www.loesdau.de/reiter/reiterequipment/reitstiefel-schuhe/gummireitstiefel/
ЛОСДАУ,Шпоры и тренчики,https://www.loesdau.de/reiter/reiterequipment/sporen-sporenriemen/
ЛОСДАУ,Защитные жилеты,https://www.loesdau.de/reiter/reiterequipment/sicherheit/reit-sicherheitswesten-rueckenprotektoren/
ЛОСДАУ,Защитные шлемы,https://www.loesdau.de/reiter/reiterequipment/sicherheit/reithelme/
ЛОСДАУ,Перчатки,https://www.loesdau.de/reiter/reiterequipment/handschuhe/reithandschuhe/
ЛОСДАУ,Перчатки,https://www.loesdau.de/reiter/reiterequipment/handschuhe/arbeitshandschuhe/
ЛОСДАУ,Перчатки,https://www.loesdau.de/reiter/reiterequipment/handschuhe/fahrhandschuhe/
ЛОСДАУ,Зимние перчатки,https://www.loesdau.de/reiter/reiterequipment/handschuhe/winter-reithandschuhe/
ЛОСДАУ,Упряжь,https://www.loesdau.de/themenshop/reitweisen-fahren/fahren/brustblattgeschirre/
ЛОСДАУ,Упряжь,https://www.loesdau.de/themenshop/reitweisen-fahren/fahren/fahrsport-zubehoer/
ЛОСДАУ,Упряжь,https://www.loesdau.de/themenshop/reitweisen-fahren/fahren/kopfgestelle-fahrgebisse/
ЛОСДАУ,Упряжь,https://www.loesdau.de/themenshop/reitweisen-fahren/fahren/leinen-zugstraenge/
ЛОСДАУ,Все для вольтижировки,https://www.loesdau.de/themenshop/reitweisen-fahren/voltigieren/voltigiergurte-voltigiertrensen/
ЛОСДАУ,Все для вольтижировки,https://www.loesdau.de/themenshop/reitweisen-fahren/voltigieren/voltigierdecken-voltigierpolster/
ЛОСДАУ,Все для вольтижировки,https://www.loesdau.de/themenshop/reitweisen-fahren/voltigieren/voltigierschuhe-bekleidung/
ЛОСДАУ,Все для жеребят,https://www.loesdau.de/themenshop/fohlenzubehoer/fohlenhalfter/
ЛОСДАУ,Все для жеребят,https://www.loesdau.de/themenshop/fohlenzubehoer/fohlendecken/
ЛОСДАУ,Все для жеребят,https://www.loesdau.de/themenshop/fohlenzubehoer/fohlentroege/
ЛОСДАУ,Вестерн для лошади,https://www.loesdau.de/themenshop/reitweisen-fahren/westernshop/westernpferd/koerper/decken-sleezy/
ЛОСДАУ,Гольфы,https://www.loesdau.de/reiter/reiterequipment/reitsocken/
ЛОСДАУ,Вестерн седла и пады,https://www.loesdau.de/themenshop/reitweisen-fahren/westernshop/westernpferd/koerper/sattelunterlagen/
ЛОСДАУ,Вестерн седла и пады,https://www.loesdau.de/themenshop/reitweisen-fahren/westernshop/westernpferd/koerper/westernsaettel/
ЛОСДАУ,Вестерн седла и пады,https://www.loesdau.de/themenshop/reitweisen-fahren/westernshop/westernpferd/koerper/westernsattelzubehoer/steigbuegel-und-fender/
ЛОСДАУ,Вестерн седла и пады,https://www.loesdau.de/themenshop/reitweisen-fahren/westernshop/westernpferd/koerper/westernsattelzubehoer/satteltaschen/
ЛОСДАУ,Вестерн седла и пады,https://www.loesdau.de/themenshop/reitweisen-fahren/westernshop/westernpferd/koerper/westernsattelzubehoer/sattelsitzbezuege/
ЛОСДАУ,Вестерн оголовья и недоуздки,https://www.loesdau.de/themenshop/reitweisen-fahren/westernshop/westernpferd/kopf/westernzaum/
ЛОСДАУ,Вестерн оголовья и недоуздки,https://www.loesdau.de/themenshop/reitweisen-fahren/westernshop/westernpferd/kopf/halfter-stricke/
ЛОСДАУ,Вестерн оголовья и недоуздки,https://www.loesdau.de/themenshop/reitweisen-fahren/westernshop/westernpferd/kopf/westernzuegel/
ЛОСДАУ,Ногавки вестерн,https://www.loesdau.de/themenshop/reitweisen-fahren/westernshop/westernpferd/beine/
ЛОСДАУ,Женская вестерн одежда,https://www.loesdau.de/reiter/reiterequipment/handschuhe/westernhandschuhe/
ЛОСДАУ,Женская вестерн одежда,https://www.loesdau.de/themenshop/reitweisen-fahren/westernshop/westernbekleidung/damen-westernbekleidung/reitjeans/
ЛОСДАУ,Женская вестерн одежда,https://www.loesdau.de/themenshop/reitweisen-fahren/westernshop/westernbekleidung/damen-westernbekleidung/westernchaps/
ЛОСДАУ,Женская вестерн одежда,https://www.loesdau.de/themenshop/reitweisen-fahren/westernshop/westernbekleidung/damen-westernbekleidung/jacken/
ЛОСДАУ,Женская вестерн одежда,https://www.loesdau.de/themenshop/reitweisen-fahren/westernshop/westernbekleidung/damen-westernbekleidung/westernblusen/
ЛОСДАУ,Женская вестерн одежда,https://www.loesdau.de/themenshop/reitweisen-fahren/westernshop/westernbekleidung/damen-westernbekleidung/pullover-kapuzenpullover/
ЛОСДАУ,Женская вестерн одежда,https://www.loesdau.de/themenshop/reitweisen-fahren/westernshop/westernbekleidung/damen-westernbekleidung/shirts/
ЛОСДАУ,Женская вестерн одежда,https://www.loesdau.de/themenshop/reitweisen-fahren/westernshop/westernbekleidung/damen-westernbekleidung/westen/
ЛОСДАУ,Вестерн аксессуары,https://www.loesdau.de/themenshop/reitweisen-fahren/westernshop/westernpferd/koerper/westernsattelzubehoer/schutzhuellen-zubehoer/
ЛОСДАУ,Вестерн аксессуары,https://www.loesdau.de/themenshop/reitweisen-fahren/westernshop/westernpferd/koerper/westernsattelzubehoer/off-billets-und-straps/
ЛОСДАУ,Вестерн аксессуары,https://www.loesdau.de/themenshop/reitweisen-fahren/westernshop/westernreiter-equipment/westernhuete-caps/
ЛОСДАУ,Вестерн аксессуары,https://www.loesdau.de/themenshop/reitweisen-fahren/westernshop/westernreiter-equipment/accessoires/belts-und-buckles/
ЛОСДАУ,Вестерн аксессуары,https://www.loesdau.de/themenshop/reitweisen-fahren/westernshop/westernreiter-equipment/accessoires/sonstige-accessoires/
ЛОСДАУ,Вестерн аксессуары,https://www.loesdau.de/themenshop/reitweisen-fahren/westernshop/westernreiter-equipment/accessoires/schmuck/
ЛОСДАУ,Вестерн аксессуары,https://www.loesdau.de/themenshop/reitweisen-fahren/westernshop/westernreiter-equipment/accessoires/handtaschen/
ЛОСДАУ,Вестерн обувь и шпоры,https://www.loesdau.de/themenshop/reitweisen-fahren/westernshop/westernreiter-equipment/westernstiefel/
ЛОСДАУ,Женские куртки,https://www.loesdau.de/reiter/damen/reitjacken/winter-reitjacken/
ЛОСДАУ,Женские куртки,https://www.loesdau.de/reiter/damen/reitjacken/wachsjacken-regenjacken/
ЛОСДАУ,Женские куртки,https://www.loesdau.de/reiter/damen/reitjacken/sommer-reitjacken/
ЛОСДАУ,Женские куртки,https://www.loesdau.de/reiter/damen/reitjacken/reitmaentel/
ЛОСДАУ,Женские куртки,https://www.loesdau.de/reiter/damen/reitjacken/softshelljacken/
ЛОСДАУ,Все для пони,https://www.loesdau.de/themenshop/pferderassen/kaltblutzubehoer/trensen-halfter/
ЛОСДАУ,Все для пони,https://www.loesdau.de/themenshop/pferderassen/kaltblutzubehoer/saettel-zubehoer/
ЛОСДАУ,Все для пони,https://www.loesdau.de/themenshop/pferderassen/kaltblutzubehoer/decken/
ЛОСДАУ,Все для пони,https://www.loesdau.de/themenshop/pferderassen/kaltblutzubehoer/gebisse/
ЛОСДАУ,Все для пони,https://www.loesdau.de/themenshop/pferderassen/kaltblutzubehoer/bandagen-gamaschen/
ЛОСДАУ,Все для пони,https://www.loesdau.de/themenshop/pferderassen/kaltblutzubehoer/geschirre-fahrzubehoer/
ЛОСДАУ,Все для пони,https://www.loesdau.de/themenshop/pferderassen/kaltblutzubehoer/fliegenschutz/
