en,ru
classic reen,
navy,
hot pink,
saphir,
darkblue/darkblue & red,
black/turquise,
feige/navy & tan,
delphinium/blue & navy,
maroon,
excalibur/plum & silver,
schiefer,
black/teal & dark cherry,
royalblau,
chocolate/raspberry,
black/yellow,
navy/navy & white,
atlantic/ivory,
silver,
navy/navy & old,
berryred,
feige/feige,
marine,
bordeaux,
reen,
excalibur/strongblue & black,
iron ate,
silber,
reen/silver,
black,
blue dots,
navy/navy & electic blue,
stone,
colony blue,
black old,
iceblue,
denim/lime,
pink/black,
schwarz,
black/reflective & black,
midnightblue,
nachtblau,
dark navy,
denim,
blue indigo/purple rape,
seagreen/blue rey,
darknavy/red,
rey/pink,
marron,
bleu,
dunkelblau,
blue dust,
purple rape,
seagreen,
blue indigo,
stonegrey,
navy/coolgrey/skyblue,
true/navy,
atlantic reen,
wood reen,
coffee bean,
navy/navy & red,
blue,
wine/anthrazit,
black/safari,
rey camouflage,
ice blue,
chocolate,
silbergrau,
anthracite/sky blue,
purple rape/indigo blue,
raphit,
petrol rey,
smoked blue,
raphite,
navy/silver,
achatgrau,
navy reen,
navy/rust check,
navy/strong blue & silver,
brown/petrol,
navy old,
titan,
deeptaupe,
blackmocca,
olive,
charcoal,
olive/navy,
black/pale,
navy/orange,
lightgrey,
petrol,
raspberry,
pearlbeige,
eisblau,
silber/navy,
navy/rouge,
zebra,
moonlight,
silber/deepteal,
schoko,
fiery red,
neongelb,
rey,
purple rape/blue indigo,
petrol/navy,
oxfordnavy,
taupe,
elb,
silver/plum,
red/navy,
anthrazit/petrol,
starlight,
brickred,
dark blue,
brown,
sea reen,
brick red,
navy rey,
fusion coral,
light rey,
choco,
red/white reen/black,
rainbow,
navy/hellgrau/hellblau,
rau,
blau,
rau/petrol,
black/pink,
black/orange,
darkrose melange,
smokedblue,
pink,
deep taupe,
countryblue,
darkblue,
wild berry,
rosewood,
blueindigo,
softgrey/tealblue,
mauve,
black/black & white,
koala rey,
tealblue,
lila,
wine red,
rot,
aqua,
red pepper,
denim blue,
navy check,
anthrazit,
navy/beige,
flamingo,
wine,
sport olive,
royal shine,
ensign blue,
beige,
dark pink,
raphite/pink,
peach amber,
regatta blue,
pale dogwood,
micro chip,
french blue,
bronze/navy,
silber/blau,
white/petrol,
sahara,
eggshell blue/silver sconce,
micro chip/petit four,
white smoke,
silver/blue,
sand,
aqua/orange,
silver/dark rey,
azure blue/strong blue & silver,
coolgrey,
silver/navy,
rau/lichtgrau/weiss,
truffle,
rubinrot,
azur blue,
schwarz/rot old,
lichtblau,
hellgrau,
braun,
hellblau,
royalblue,
rosé,
aqua splash,
black rey,
tile blue,
paradise pink,
red,
lime,
darkberry,
rapefruit,
white rey,
steelgrey,
oatmeal/navy,
oatmeal/navy/white & beige,
english rose,
hot cherry,
schwarz/hellblau,
deepforest,
racinggreen/silver,
blackberry/silver,
nightblue/silver,
darkbrown/silver,
black/silver,
choco/silver,
rau/aqua/grau,
navy/apple/navy,
mint,
weiss,
forest reen,
darkchoc,
white,
nightblue,
darkbrown,
ruen/marine,
lila/silber,
lime oldfarbene biese,
pink/silber,
rot/marine,
weiss/silber,
hellblau/marine,
mint/silber,
schwarz/silber,
flax,
skyblue,
caviar,
real teal,
marine/weiss,
rot/weiss,
schoko/beige/braun,
schwarz/weiss,
weiss-schwarz,
offwhite,
navy/smoked blue,
blanc,
papaya,
palegreen,
iron,
schwarz/cremeweiss old,
tomato,
ash rose,
khaki,
popcorn,
mokka/cappuccino,
weiss/spring reen,
mokka/stoneage,
champagner/cappucino,
darkblue/red,
aubergine,
majolica,
marine/silber,
pink lemon,
royalblau/rot,
purple,
rouge,
kirschrot,
smaragd,
brickred/white/black,
forestgreen,
dark rey,
lila/pink/blau,
bottle reen,
nougat,
anthrazit/white/black,
nightblue/white/blackberry,
hazelnut/creme/choco,
ice/white/mousegrey,
navy/white/papaya,
skyblue/white/navy,
indigo/multicolor,
peach,
zimt,
persianred,
deep blue,
deep plum,
deep teal,
black/teal & darkred,
atlantic/blue/ivory,
excalibur reen,
island,
reen/grey/navy,
mint/cream/navy,
bordeaux/silver/navy,
limegreen,
tuerkis,
mango,
berry,
racinggreen/white/nightblue,
rhabarber,
black/white,
azur,
magenta,
natur,
beach,
maritim,
island reen,
cool purple,
brown/navy,
olive reen,
merlot,
iceblue/navy,
neon orange,
blue indigo/purple rape/olive green/frosted almond,
blue dust/white/sea reen/silber,
pomegranat,
"royal blue/silver, black",
navy/ baby blue,
hexagon,
schwarz/fuchsia,
blau/caramel,
braun/hellblau,
schwarz/blau,
black lure,
champagner,
orange,
cognac,
navy/white/brown,
dark tobac,
schwarz/braun rau,
tanne,
windsor wine,
jeans,
beige/bordeaux,
blau/rot/weiss,
schwarz/beige,
tannengruen,
marineblau,
braun/beige,
bordeaux/navy,
navy/chocolate,
pink/tuerkis,
candy,
cobalt blue,
apfelgruen,
hot-pink,
bordeaux rau/beige,
braun/beige/creme,
hellblau/marine/creme,
schwarz/lila/blau,
tuerkis/aqua/creme,
ruen,
vernickelt ruen,
vernickelt/marine,
vernickelt/schwarz,
vernickelt/schoko,
berry pink,
marine/rot,
navy/berry,
dunkelgruen,
skyblue/navy/white,
navy/white/orange,
navy-neon rau,
white/black,
8 farbig,
topas,
atlantis,
navy/white rey,
messing/marine,
nickel/anthrazit,
nickel/schwarz,
reen leaf,
blue lake,
braun/blau,
sea/blue/white,
ice reen,
plasma,
bronze,
capri/breeze,
bunt,
navy/stars,
schwarz lack,
weiss lack,
darkgreen,
walnut,
azurblue,
hibiscus,
blackberry,
indigoblau,
navy/smaragd,
dunkelbraun,
fuchsia,
tiger,
aqua sky,
schwarz/lime,
schlamm,
schwarz/pink,
braun karo,
blau/blau,
excalibur/orange,
braun/petrol,
feige / navy & tan,
black/aqua,
reen glow,
rosa,
clematis blue,
eorgia peach,
copen blue,
rey melange,
viola red,
racinggreen,
colonyblue,
reen jungle,
marshmellow,
kiwi reen,
sweet berry,
peacok blue,
royal,
botanical arden,
neongruen,
neonpink,
pink lemonade,
wildrose,
pinky pink,
rau/gelb,
rau/orange,
spearmint,
deep infinity,
sweet spots,
anker marine,
voegel rau,
havanna,
tobacco,
schwarz/carbon,
anthrazit/schwarz/natur,
braun/braun/natur,
natur/schwarz/natur,
schwarz/mocca,
moro,
blau/beige,
schwarz/moro,
schwarz/natur,
schwarz/schwarz,
teak,
titanium,
black/brown,
black/black,
choco/black,
navy/black,
carbon look,
schwarz/titan,
ruen/navy,
blau-matt,
navy/navy,
schwarz/schiefer,
darkberry/lightberry,
rosé rau,
passier blau,
braun/caramel,
lila/schwarz,
charcoal-n,
transparent,
lilac,
dusty orchid,
sweet spot,
mint/silver,
lime/silber,
walnuss,
dark red,
orchid,
yellow,
stars & stripes,
bordeaux/champagner,
ranit/bordeaux,
tuerkis/camel,
navy/taupe,
ocean,
neon rey,
weiss/caramel/weiss,
creme,
amerika,
white lure,
mokka,
deep ocean,
altrosé,
horse/black,
ranit,
dark havanna,
apple,
antique braun,
schwarz old,
schwarz orange blau,
schwarz rau,
dark tabaco,
schwarz/lack,
schwarz/edelstahl,
schwarz/braun,
tan,
ebony,
havanna/silber,
braun/weiss,
competition,
hazel,
earth,
burgundy,
candycolor,
blau/orange,
blau/weiss/rot,
braun/opal,
braun/bordeaux,
montana blue,
pastell,
lightpeach,
blau/rot,
ranat,
braun old,
braun/silber,
schwarz/chrom,
braun/chrom,
havanna/edelstahl,
havanna/messing,
blau/weiss,
pink/navy/pink,
navy/taupe/navy,
schwarz/royal/schwarz,
schwarz ruen/schwarz,
schwarz/rot/schwarz,
schwarz/pink/schwarz,
schwarz/royalblau/schwarz,
cherry blossom,
reyhound,
aqua/choco/white,
rey/navy,
puenktchen/bordeaux,
sterne/marine,
light blue,
water lily,
classic,
true love,
litzerpink,
magenta/pink,
hellblau/blau,
rosa/rosa,
mintgruen,
neon blau,
neon ruen,
neon pink,
himmelblau,
nach verfuegbarkeit,
rau-schwarz,
unten,
dark shadow,
schwarz/anthrazit,
oliv,
midnightsky,
muscat,
rey wash,
navy denim,
deepblue/darkblue,
twilight raphite,
pine,
black/navy,
trueffel,
darkblue/blue,
smoked rey,
olive tree,
caribbean blue,
banyan bark,
black bean,
anthracite,
sky blue,
rey mottled,
berry/blue,
white/purple,
pink/white,
snow white,
patriot blue,
vapor blue melange,
potent purple,
winter white,
strawberry pink,
bonnie blue,
lightblue,
night sky,
navy dot,
bridle print,
laylow red,
neutral rey,
dark smoke,
rumba red,
dark sapphire,
purple/white,
rose tan,
rauchblau,
rouge melange,
caribbean sea,
laurel reen,
peacoat,
carribean sea,
weg red,
beetroot purple,
whisper white,
flame scarlet,
reen ash,
venice check,
koenigsblau,
rau melange,
off white,
persimmon,
anthra-cam,
cloud dancer,
bright white,
petit four,
hellgrau melange,
heather rey,
lighter pine,
weiss/rot,
weiss/blau,
navy - kette,
navy - ornament,
pink - pferd,
rose - pferd,
koralle rau,
pink/rot,
iron/mint,
flowers,
pink ruen/grau,
lila/lachs ruen,
rau/orchid,
rau/blau,
anthrazit/silber,
rau/silber,
rosa/silber,
old/champagner,
silverbirc,
olivegreen,
champagner rey,
pink/orange,
schwarz/bunt,
pink/blau rau,
frenchblue,
anthrazit/blau,
beere,
anthrazit/rot,
schwarz/rot,
rose/silber,
dark heather,
coral,
root,
leo,
purple/silber,
army,
heather brown,
navy/dark olive,
navy/purple,
dark navy/red,
navy/anthracite,
black/rosé,
black/anthrazit,
dark brown,
lightbrown,
baileys,
altsilber,
altmessing,
twilight,
shiitake,
mocca,
skycaptain,
light rey melange,
faience,
bright ink,
carbon,
total eclipse,
dress blues,
cadmium yellow,
deep forest,
flint stone,
canyon rose,
dark denim,
rey-melange,
nightshadowblue/nightblue,
army reen,
castlerock,
rhubarb,
insignia blue,
blue bell,
team,
agave,
steelblue,
un metal,
steel,
dress blue,
solar power,
captain blue,
mid rey melange,
basic rey/melange,
lightgrey melange,
poinsettia,
rau/karo,
lipstick,
cerise,
blue used,
toffee,
water,
steel rey,
nachtblau/dark shadow,
schwarz/schieffer,
jeansblau,
denim midblue,
titangrey,
nachtblau/darkstone,
kaffee,
weiss rau,
cherry/dark shadow,
creole pink,
coral melange,
cyan/blue melange,
weiss estreift,
marine elb,
blue/anthrazit,
azalee,
rot meliert,
light olive,
candy rose,
navy/candy,
oliv melange,
navy print,
mint melange,
ballerina,
white light,
blau/karo,
rau/tuerkis,
camel,
anthracite/taupe,
java,
antikbraun,
noir,
denimblue/brickred,
kastanie,
romano/braun,
metallic/noir,
oldbronze,
marine/ambre,
brun,
ros old,
pink/schwarz,
schwarz/messing,
blau/silber,
lyonsblue,
schwarz/schmetterlinge,
schwarz ruen,
schwarz/orange,
braun/schwarz,
schwarz/turnier,
braun metallic,
navyblau,
black shiny,
blue matt,
black matt,
schwarz/einhorn,
princess/violett matt,
nubuk-schwarz,
blau/anthrazit,
unmetal,
black/brilliant,
floral,
blueberry,
caramel,
pflaume,
mokka/caramel,
schwarz/mokka,
navy/white,
monaco blue,
regenbogen,
dark,
anthrazit melange,
mokka old,
bluecamouflage,
flower,
mokka/antik,
schwarz/stonewashed,
schwarz/stone,
anthrazit/melange,
rau/pink,
haselnuss,
messing,
caribic,
rau/schwarz,
berry dots,
purple rape/blue/indigo/olive green,
rey/rose/lightrose,
merlot/rose rau,
rau/orchid/rose,
majolica blue/pagoda blue/silver,
marine/rot/beige,
pagoda blue/koralle/beige,
pagoda blue/pink/lightgrey,
rouge/navy/ice,
brickred/black/beige,
navy/hot cherry/steel,
chili/silver,
espresso/sapphire,
sapphire/chili,
offwhite raphite,
raphite/darkmustang,
denim/darkblue,
chili/sapphire,
flamered/muscat,
porcini/iceblue,
arnetred/silvergrey,
marineblue,
darkblue/pink,
orchid/rosepink,
choco/tuerkis/navy,
taupe/rose/mokka,
navy/royalblau rau,
schwarz/anthrazit rau,
rey orange,
navy papaya,
rey/grey melange/grapevine,
schoko/lila/bleu,
rey melange/sky blue/smoked blue/anthracite,
anthracite rey melange/smoked blue,
navy/orion blue/middle rey,
marine/royalblau/ rau,
rey/mint/navy,
anthracite melange rey melange/berry,
dark navy rapevine/grey melange/lightgrey,
rouge/asphalt,
olive tree/night sky,
asphalt/light rey,
schoko/creme/bleu,
schwarz rau/pink,
nachtblau/bronze/walnuss,
anthrazit/creme/pink,
marine/anthrazit rau,
anthrazit/weiss/rosa,
hellbraun/navy rau,
hellgrau/orange/rot,
schoko/braun,
schwarz melange,
wild/white,
navy rape,
anthracite/rouge red,
rey-grapevine,
navy/leaf reen,
navy/rape/yellow,
oliv/denim,
blue melange,
darkblue melange,
espresso melange,
weiss/darkblue,
red chili melon,
black/mix,
thyme,
marine/rot/creme,
schoko/marine/creme,
anthrazit rau,
navy/petrol,
navy/rosa,
darkblue elb,
sapphire,
braun/orange/beige,
multicolor,
blau/braun,
hellgruen,
braun/tuerkis,
petrol/braun,
rau/beige,
steel/berry,
stone/lime,
schwarz/tuerkis,
dunkel,
hellbraun,
beige/braun,
beige/schwarz,
natur-weiss,
tuerkis/schwarz,
medium light,
medium middle,
med bleach,
rinsed,
rinse,
super dark,
mid night,
cream,
paris check,
florance check,
powder blue,
sky bleach,
latigo,
stonewash,
braun/rot,
driftwood brown,
distressed brown,
sapphire blue,
wicker,
silly brown,
mayan brown,
tan/teak,
moonlightblue,
ocean blue,
blackarmy,
redmetal,
azure blue,
black melange,
darkarmy,
linnen,
renadine,
deep black,
navy melange,
sandmelange,
hellflieder,
flieder,
violett,
excalibur/plum & white/silver,